1,gmallison0,Aenean lectus. Pellentesque eget nunc. Donec quis orci eget orci vehicula condimentum. Curabitur in libero ut massa volutpat convallis.,4/29/2020
2,lwheelwright1,Nulla nisl. Nunc nisl. Duis bibendum  felis sed interdum venenatis  turpis enim blandit mi  in porttitor pede justo eu massa. Donec dapibus. Duis at velit eu est congue elementum. In hac habitasse platea dictumst. Morbi vestibulum  velit id pretium iaculis  diam erat fermentum justo  nec condimentum neque sapien placerat ante. Nulla justo. Aliquam quis turpis eget elit sodales scelerisque.,10/23/2020
3,asmouten2,Donec diam neque  vestibulum eget  vulputate ut  ultrices vel  augue.,1/27/2021
4,kwiffield3,Etiam justo. Etiam pretium iaculis justo. In hac habitasse platea dictumst.,6/28/2020
5,wjeannenet4,Proin at turpis a pede posuere nonummy. Integer non velit. Donec diam neque  vestibulum eget  vulputate ut  ultrices vel  augue. Vestibulum ante ipsum primis in faucibus orci luctus et ultrices posuere cubilia Curae; Donec pharetra  magna vestibulum aliquet ultrices  erat tortor sollicitudin mi  sit amet lobortis sapien sapien non mi. Integer ac neque. Duis bibendum. Morbi non quam nec dui luctus rutrum. Nulla tellus.,7/21/2020
6,tsurphliss5,Curabitur at ipsum ac tellus semper interdum. Mauris ullamcorper purus sit amet nulla. Quisque arcu libero  rutrum ac  lobortis vel  dapibus at  diam. Nam tristique tortor eu pede.,6/6/2020
7,obruni6,Maecenas tincidunt lacus at velit. Vivamus vel nulla eget eros elementum pellentesque. Quisque porta volutpat erat.,8/31/2020
8,tlaurencot7,Etiam vel augue. Vestibulum rutrum rutrum neque. Aenean auctor gravida sem. Praesent id massa id nisl venenatis lacinia. Aenean sit amet justo.,7/26/2020
9,abowlas8,Quisque porta volutpat erat. Quisque erat eros  viverra eget  congue eget  semper rutrum  nulla.,12/8/2020
10,lbouskill9,Donec diam neque  vestibulum eget  vulputate ut  ultrices vel  augue. Vestibulum ante ipsum primis in faucibus orci luctus et ultrices posuere cubilia Curae; Donec pharetra  magna vestibulum aliquet ultrices  erat tortor sollicitudin mi  sit amet lobortis sapien sapien non mi. Integer ac neque. Duis bibendum. Morbi non quam nec dui luctus rutrum. Nulla tellus. In sagittis dui vel nisl.,7/17/2020
11,lhaydona,Fusce lacus purus  aliquet at  feugiat non  pretium quis  lectus. Suspendisse potenti. In eleifend quam a odio. In hac habitasse platea dictumst. Maecenas ut massa quis augue luctus tincidunt. Nulla mollis molestie lorem. Quisque ut erat.,10/18/2020
12,sailmerb,Praesent blandit lacinia erat. Vestibulum sed magna at nunc commodo placerat. Praesent blandit. Nam nulla. Integer pede justo  lacinia eget  tincidunt eget  tempus vel  pede. Morbi porttitor lorem id ligula. Suspendisse ornare consequat lectus. In est risus  auctor sed  tristique in  tempus sit amet  sem.,3/9/2020
13,tferneyhoughc,Nam congue  risus semper porta volutpat  quam pede lobortis ligula  sit amet eleifend pede libero quis orci. Nullam molestie nibh in lectus. Pellentesque at nulla. Suspendisse potenti. Cras in purus eu magna vulputate luctus. Cum sociis natoque penatibus et magnis dis parturient montes  nascetur ridiculus mus. Vivamus vestibulum sagittis sapien. Cum sociis natoque penatibus et magnis dis parturient montes  nascetur ridiculus mus.,1/20/2021
14,mbampfieldd,Donec semper sapien a libero. Nam dui.,3/16/2020
15,mstuttmane,Vivamus vestibulum sagittis sapien. Cum sociis natoque penatibus et magnis dis parturient montes  nascetur ridiculus mus. Etiam vel augue. Vestibulum rutrum rutrum neque. Aenean auctor gravida sem. Praesent id massa id nisl venenatis lacinia. Aenean sit amet justo.,5/1/2020
16,hjackalinf,Aenean auctor gravida sem. Praesent id massa id nisl venenatis lacinia. Aenean sit amet justo.,4/13/2020
17,japplewhiteg,Duis ac nibh. Fusce lacus purus  aliquet at  feugiat non  pretium quis  lectus. Suspendisse potenti. In eleifend quam a odio.,5/13/2020
18,sleggenh,Pellentesque at nulla. Suspendisse potenti. Cras in purus eu magna vulputate luctus. Cum sociis natoque penatibus et magnis dis parturient montes  nascetur ridiculus mus. Vivamus vestibulum sagittis sapien. Cum sociis natoque penatibus et magnis dis parturient montes  nascetur ridiculus mus. Etiam vel augue. Vestibulum rutrum rutrum neque. Aenean auctor gravida sem. Praesent id massa id nisl venenatis lacinia.,6/29/2020
19,bhourihani,Morbi sem mauris  laoreet ut  rhoncus aliquet  pulvinar sed  nisl.,1/3/2021
20,cpawelkej,In blandit ultrices enim. Lorem ipsum dolor sit amet  consectetuer adipiscing elit. Proin interdum mauris non ligula pellentesque ultrices. Phasellus id sapien in sapien iaculis congue. Vivamus metus arcu  adipiscing molestie  hendrerit at  vulputate vitae  nisl. Aenean lectus.,4/15/2020
21,taudryk,Maecenas ut massa quis augue luctus tincidunt. Nulla mollis molestie lorem. Quisque ut erat. Curabitur gravida nisi at nibh. In hac habitasse platea dictumst. Aliquam augue quam  sollicitudin vitae  consectetuer eget  rutrum at  lorem. Integer tincidunt ante vel ipsum. Praesent blandit lacinia erat.,7/28/2020
22,atuckettl,Aenean sit amet justo. Morbi ut odio. Cras mi pede  malesuada in  imperdiet et  commodo vulputate  justo. In blandit ultrices enim.,8/15/2020
23,zaronoffm,Integer non velit. Donec diam neque  vestibulum eget  vulputate ut  ultrices vel  augue. Vestibulum ante ipsum primis in faucibus orci luctus et ultrices posuere cubilia Curae; Donec pharetra  magna vestibulum aliquet ultrices  erat tortor sollicitudin mi  sit amet lobortis sapien sapien non mi. Integer ac neque. Duis bibendum. Morbi non quam nec dui luctus rutrum. Nulla tellus. In sagittis dui vel nisl. Duis ac nibh.,11/23/2020
24,chawlern,In hac habitasse platea dictumst. Maecenas ut massa quis augue luctus tincidunt.,1/7/2021
25,tmalchero,Donec odio justo  sollicitudin ut  suscipit a  feugiat et  eros. Vestibulum ac est lacinia nisi venenatis tristique. Fusce congue  diam id ornare imperdiet  sapien urna pretium nisl  ut volutpat sapien arcu sed augue.,11/7/2020
26,cdunnp,Proin leo odio  porttitor id  consequat in  consequat ut  nulla. Sed accumsan felis. Ut at dolor quis odio consequat varius. Integer ac leo. Pellentesque ultrices mattis odio. Donec vitae nisi. Nam ultrices  libero non mattis pulvinar  nulla pede ullamcorper augue  a suscipit nulla elit ac nulla. Sed vel enim sit amet nunc viverra dapibus. Nulla suscipit ligula in lacus.,7/1/2020
27,dboultq,Praesent id massa id nisl venenatis lacinia. Aenean sit amet justo. Morbi ut odio. Cras mi pede  malesuada in  imperdiet et  commodo vulputate  justo. In blandit ultrices enim. Lorem ipsum dolor sit amet  consectetuer adipiscing elit. Proin interdum mauris non ligula pellentesque ultrices. Phasellus id sapien in sapien iaculis congue. Vivamus metus arcu  adipiscing molestie  hendrerit at  vulputate vitae  nisl. Aenean lectus.,11/20/2020
28,jhehirr,Vestibulum ante ipsum primis in faucibus orci luctus et ultrices posuere cubilia Curae; Nulla dapibus dolor vel est. Donec odio justo  sollicitudin ut  suscipit a  feugiat et  eros. Vestibulum ac est lacinia nisi venenatis tristique. Fusce congue  diam id ornare imperdiet  sapien urna pretium nisl  ut volutpat sapien arcu sed augue. Aliquam erat volutpat. In congue. Etiam justo. Etiam pretium iaculis justo. In hac habitasse platea dictumst. Etiam faucibus cursus urna.,6/10/2020
29,asekullas,Maecenas pulvinar lobortis est. Phasellus sit amet erat. Nulla tempus. Vivamus in felis eu sapien cursus vestibulum. Proin eu mi. Nulla ac enim.,3/15/2020
30,dbasantt,Donec ut mauris eget massa tempor convallis. Nulla neque libero  convallis eget  eleifend luctus  ultricies eu  nibh.,8/21/2020
31,jsamwayeu,Cras pellentesque volutpat dui. Maecenas tristique  est et tempus semper  est quam pharetra magna  ac consequat metus sapien ut nunc. Vestibulum ante ipsum primis in faucibus orci luctus et ultrices posuere cubilia Curae; Mauris viverra diam vitae quam. Suspendisse potenti. Nullam porttitor lacus at turpis. Donec posuere metus vitae ipsum. Aliquam non mauris. Morbi non lectus. Aliquam sit amet diam in magna bibendum imperdiet. Nullam orci pede  venenatis non  sodales sed  tincidunt eu  felis.,5/19/2020
32,pamnerv,Integer ac leo. Pellentesque ultrices mattis odio. Donec vitae nisi. Nam ultrices  libero non mattis pulvinar  nulla pede ullamcorper augue  a suscipit nulla elit ac nulla. Sed vel enim sit amet nunc viverra dapibus.,12/17/2020
33,rarnaultw,Nam ultrices  libero non mattis pulvinar  nulla pede ullamcorper augue  a suscipit nulla elit ac nulla.,7/18/2020
34,apaytonx,Curabitur in libero ut massa volutpat convallis. Morbi odio odio  elementum eu  interdum eu  tincidunt in  leo.,12/2/2020
35,bspearsy,Proin eu mi. Nulla ac enim. In tempor  turpis nec euismod scelerisque  quam turpis adipiscing lorem  vitae mattis nibh ligula nec sem. Duis aliquam convallis nunc. Proin at turpis a pede posuere nonummy.,10/22/2020
36,socurrinez,Nulla tellus. In sagittis dui vel nisl. Duis ac nibh. Fusce lacus purus  aliquet at  feugiat non  pretium quis  lectus. Suspendisse potenti. In eleifend quam a odio.,9/10/2020
37,cmasterton10,Aenean fermentum. Donec ut mauris eget massa tempor convallis. Nulla neque libero  convallis eget  eleifend luctus  ultricies eu  nibh. Quisque id justo sit amet sapien dignissim vestibulum. Vestibulum ante ipsum primis in faucibus orci luctus et ultrices posuere cubilia Curae; Nulla dapibus dolor vel est. Donec odio justo  sollicitudin ut  suscipit a  feugiat et  eros. Vestibulum ac est lacinia nisi venenatis tristique.,5/29/2020
38,bletixier11,Morbi non quam nec dui luctus rutrum. Nulla tellus. In sagittis dui vel nisl.,2/25/2020
39,aeagland12,Etiam pretium iaculis justo. In hac habitasse platea dictumst. Etiam faucibus cursus urna. Ut tellus. Nulla ut erat id mauris vulputate elementum. Nullam varius. Nulla facilisi.,4/3/2020
40,vbroomfield13,Pellentesque viverra pede ac diam. Cras pellentesque volutpat dui. Maecenas tristique  est et tempus semper  est quam pharetra magna  ac consequat metus sapien ut nunc. Vestibulum ante ipsum primis in faucibus orci luctus et ultrices posuere cubilia Curae; Mauris viverra diam vitae quam. Suspendisse potenti. Nullam porttitor lacus at turpis. Donec posuere metus vitae ipsum.,9/14/2020
41,bmaud14,Cras in purus eu magna vulputate luctus. Cum sociis natoque penatibus et magnis dis parturient montes  nascetur ridiculus mus. Vivamus vestibulum sagittis sapien. Cum sociis natoque penatibus et magnis dis parturient montes  nascetur ridiculus mus. Etiam vel augue. Vestibulum rutrum rutrum neque. Aenean auctor gravida sem.,10/11/2020
42,lswires15,Aliquam sit amet diam in magna bibendum imperdiet. Nullam orci pede  venenatis non  sodales sed  tincidunt eu  felis. Fusce posuere felis sed lacus.,5/24/2020
43,ymolloy16,Curabitur gravida nisi at nibh. In hac habitasse platea dictumst. Aliquam augue quam  sollicitudin vitae  consectetuer eget  rutrum at  lorem. Integer tincidunt ante vel ipsum. Praesent blandit lacinia erat.,10/15/2020
44,yeady17,Aliquam quis turpis eget elit sodales scelerisque. Mauris sit amet eros. Suspendisse accumsan tortor quis turpis. Sed ante. Vivamus tortor. Duis mattis egestas metus. Aenean fermentum. Donec ut mauris eget massa tempor convallis.,8/23/2020
45,jfallowfield18,Vivamus vel nulla eget eros elementum pellentesque. Quisque porta volutpat erat. Quisque erat eros  viverra eget  congue eget  semper rutrum  nulla. Nunc purus. Phasellus in felis.,4/22/2020
46,cramlot19,Quisque erat eros  viverra eget  congue eget  semper rutrum  nulla.,4/9/2020
47,nasplen1a,Quisque erat eros  viverra eget  congue eget  semper rutrum  nulla. Nunc purus. Phasellus in felis. Donec semper sapien a libero. Nam dui. Proin leo odio  porttitor id  consequat in  consequat ut  nulla. Sed accumsan felis. Ut at dolor quis odio consequat varius.,5/3/2020
48,cbewshire1b,Etiam vel augue. Vestibulum rutrum rutrum neque. Aenean auctor gravida sem. Praesent id massa id nisl venenatis lacinia. Aenean sit amet justo. Morbi ut odio.,4/3/2020
49,tmcclarence1c,In blandit ultrices enim. Lorem ipsum dolor sit amet  consectetuer adipiscing elit. Proin interdum mauris non ligula pellentesque ultrices. Phasellus id sapien in sapien iaculis congue. Vivamus metus arcu  adipiscing molestie  hendrerit at  vulputate vitae  nisl. Aenean lectus. Pellentesque eget nunc. Donec quis orci eget orci vehicula condimentum.,8/18/2020
50,arowberry1d,Vestibulum ante ipsum primis in faucibus orci luctus et ultrices posuere cubilia Curae; Donec pharetra  magna vestibulum aliquet ultrices  erat tortor sollicitudin mi  sit amet lobortis sapien sapien non mi. Integer ac neque. Duis bibendum. Morbi non quam nec dui luctus rutrum. Nulla tellus. In sagittis dui vel nisl. Duis ac nibh. Fusce lacus purus  aliquet at  feugiat non  pretium quis  lectus.,1/26/2021
51,snoller1e,In sagittis dui vel nisl. Duis ac nibh.,3/5/2020
52,sjelliman1f,Lorem ipsum dolor sit amet  consectetuer adipiscing elit. Proin risus. Praesent lectus. Vestibulum quam sapien  varius ut  blandit non  interdum in  ante. Vestibulum ante ipsum primis in faucibus orci luctus et ultrices posuere cubilia Curae; Duis faucibus accumsan odio. Curabitur convallis. Duis consequat dui nec nisi volutpat eleifend. Donec ut dolor. Morbi vel lectus in quam fringilla rhoncus.,6/25/2020
53,eborrell1g,Phasellus sit amet erat.,2/11/2020
54,bforshaw1h,Maecenas tristique  est et tempus semper  est quam pharetra magna  ac consequat metus sapien ut nunc. Vestibulum ante ipsum primis in faucibus orci luctus et ultrices posuere cubilia Curae; Mauris viverra diam vitae quam. Suspendisse potenti. Nullam porttitor lacus at turpis.,11/4/2020
55,rburtwell1i,Duis mattis egestas metus. Aenean fermentum. Donec ut mauris eget massa tempor convallis. Nulla neque libero  convallis eget  eleifend luctus  ultricies eu  nibh. Quisque id justo sit amet sapien dignissim vestibulum.,3/21/2020
56,kgosney1j,Proin leo odio  porttitor id  consequat in  consequat ut  nulla. Sed accumsan felis. Ut at dolor quis odio consequat varius.,11/26/2020
57,sfoulcher1k,Nulla facilisi. Cras non velit nec nisi vulputate nonummy. Maecenas tincidunt lacus at velit. Vivamus vel nulla eget eros elementum pellentesque. Quisque porta volutpat erat. Quisque erat eros  viverra eget  congue eget  semper rutrum  nulla. Nunc purus. Phasellus in felis. Donec semper sapien a libero. Nam dui.,7/22/2020
58,gscritch1l,Quisque porta volutpat erat. Quisque erat eros  viverra eget  congue eget  semper rutrum  nulla.,10/15/2020
59,pdenton1m,Cum sociis natoque penatibus et magnis dis parturient montes  nascetur ridiculus mus. Etiam vel augue. Vestibulum rutrum rutrum neque.,9/29/2020
60,igremain1n,In tempor  turpis nec euismod scelerisque  quam turpis adipiscing lorem  vitae mattis nibh ligula nec sem. Duis aliquam convallis nunc. Proin at turpis a pede posuere nonummy. Integer non velit. Donec diam neque  vestibulum eget  vulputate ut  ultrices vel  augue. Vestibulum ante ipsum primis in faucibus orci luctus et ultrices posuere cubilia Curae; Donec pharetra  magna vestibulum aliquet ultrices  erat tortor sollicitudin mi  sit amet lobortis sapien sapien non mi. Integer ac neque. Duis bibendum. Morbi non quam nec dui luctus rutrum.,1/2/2021
61,rboucher1o,In congue. Etiam justo. Etiam pretium iaculis justo. In hac habitasse platea dictumst.,3/17/2020
62,rruos1p,Proin eu mi. Nulla ac enim. In tempor  turpis nec euismod scelerisque  quam turpis adipiscing lorem  vitae mattis nibh ligula nec sem. Duis aliquam convallis nunc. Proin at turpis a pede posuere nonummy. Integer non velit. Donec diam neque  vestibulum eget  vulputate ut  ultrices vel  augue. Vestibulum ante ipsum primis in faucibus orci luctus et ultrices posuere cubilia Curae; Donec pharetra  magna vestibulum aliquet ultrices  erat tortor sollicitudin mi  sit amet lobortis sapien sapien non mi. Integer ac neque.,1/14/2021
63,vbreagan1q,Aenean auctor gravida sem. Praesent id massa id nisl venenatis lacinia. Aenean sit amet justo. Morbi ut odio. Cras mi pede  malesuada in  imperdiet et  commodo vulputate  justo. In blandit ultrices enim.,10/2/2020
64,despinha1r,Vestibulum quam sapien  varius ut  blandit non  interdum in  ante. Vestibulum ante ipsum primis in faucibus orci luctus et ultrices posuere cubilia Curae; Duis faucibus accumsan odio.,5/7/2020
65,larchambault1s,Cum sociis natoque penatibus et magnis dis parturient montes  nascetur ridiculus mus.,8/3/2020
66,klinnell1t,Lorem ipsum dolor sit amet  consectetuer adipiscing elit. Proin risus. Praesent lectus. Vestibulum quam sapien  varius ut  blandit non  interdum in  ante. Vestibulum ante ipsum primis in faucibus orci luctus et ultrices posuere cubilia Curae; Duis faucibus accumsan odio. Curabitur convallis. Duis consequat dui nec nisi volutpat eleifend. Donec ut dolor. Morbi vel lectus in quam fringilla rhoncus.,7/24/2020
67,rprangley1u,Maecenas pulvinar lobortis est. Phasellus sit amet erat. Nulla tempus. Vivamus in felis eu sapien cursus vestibulum. Proin eu mi. Nulla ac enim. In tempor  turpis nec euismod scelerisque  quam turpis adipiscing lorem  vitae mattis nibh ligula nec sem. Duis aliquam convallis nunc. Proin at turpis a pede posuere nonummy. Integer non velit.,10/11/2020
68,psturr1v,Nam nulla. Integer pede justo  lacinia eget  tincidunt eget  tempus vel  pede. Morbi porttitor lorem id ligula. Suspendisse ornare consequat lectus. In est risus  auctor sed  tristique in  tempus sit amet  sem. Fusce consequat. Nulla nisl.,6/20/2020
69,mgarrow1w,Pellentesque viverra pede ac diam. Cras pellentesque volutpat dui. Maecenas tristique  est et tempus semper  est quam pharetra magna  ac consequat metus sapien ut nunc.,2/11/2020
70,hmuston1x,Nulla facilisi. Cras non velit nec nisi vulputate nonummy. Maecenas tincidunt lacus at velit. Vivamus vel nulla eget eros elementum pellentesque. Quisque porta volutpat erat. Quisque erat eros  viverra eget  congue eget  semper rutrum  nulla. Nunc purus. Phasellus in felis. Donec semper sapien a libero.,9/3/2020
71,escuse1y,Cum sociis natoque penatibus et magnis dis parturient montes  nascetur ridiculus mus. Vivamus vestibulum sagittis sapien.,11/4/2020
72,acrennan1z,Vestibulum ac est lacinia nisi venenatis tristique. Fusce congue  diam id ornare imperdiet  sapien urna pretium nisl  ut volutpat sapien arcu sed augue. Aliquam erat volutpat. In congue. Etiam justo. Etiam pretium iaculis justo. In hac habitasse platea dictumst. Etiam faucibus cursus urna. Ut tellus.,11/20/2020
73,fcasero20,In hac habitasse platea dictumst. Maecenas ut massa quis augue luctus tincidunt.,5/2/2020
74,edono21,Duis at velit eu est congue elementum. In hac habitasse platea dictumst. Morbi vestibulum  velit id pretium iaculis  diam erat fermentum justo  nec condimentum neque sapien placerat ante. Nulla justo. Aliquam quis turpis eget elit sodales scelerisque. Mauris sit amet eros. Suspendisse accumsan tortor quis turpis.,8/1/2020
75,nastbury22,Morbi odio odio  elementum eu  interdum eu  tincidunt in  leo. Maecenas pulvinar lobortis est.,10/14/2020
76,fcarradice23,Sed ante. Vivamus tortor. Duis mattis egestas metus. Aenean fermentum. Donec ut mauris eget massa tempor convallis. Nulla neque libero  convallis eget  eleifend luctus  ultricies eu  nibh.,3/1/2020
77,hhoulaghan24,Duis bibendum. Morbi non quam nec dui luctus rutrum. Nulla tellus. In sagittis dui vel nisl. Duis ac nibh. Fusce lacus purus  aliquet at  feugiat non  pretium quis  lectus. Suspendisse potenti.,4/28/2020
78,wburtonshaw25,Quisque id justo sit amet sapien dignissim vestibulum. Vestibulum ante ipsum primis in faucibus orci luctus et ultrices posuere cubilia Curae; Nulla dapibus dolor vel est. Donec odio justo  sollicitudin ut  suscipit a  feugiat et  eros. Vestibulum ac est lacinia nisi venenatis tristique. Fusce congue  diam id ornare imperdiet  sapien urna pretium nisl  ut volutpat sapien arcu sed augue. Aliquam erat volutpat. In congue. Etiam justo.,7/1/2020
79,eledgley26,Duis bibendum  felis sed interdum venenatis  turpis enim blandit mi  in porttitor pede justo eu massa. Donec dapibus. Duis at velit eu est congue elementum. In hac habitasse platea dictumst. Morbi vestibulum  velit id pretium iaculis  diam erat fermentum justo  nec condimentum neque sapien placerat ante. Nulla justo. Aliquam quis turpis eget elit sodales scelerisque.,9/26/2020
80,grunchman27,Vestibulum rutrum rutrum neque.,8/13/2020
81,npenhaleurack28,Phasellus id sapien in sapien iaculis congue. Vivamus metus arcu  adipiscing molestie  hendrerit at  vulputate vitae  nisl. Aenean lectus. Pellentesque eget nunc. Donec quis orci eget orci vehicula condimentum. Curabitur in libero ut massa volutpat convallis. Morbi odio odio  elementum eu  interdum eu  tincidunt in  leo. Maecenas pulvinar lobortis est.,4/21/2020
82,rmccaughey29,Vivamus in felis eu sapien cursus vestibulum. Proin eu mi. Nulla ac enim. In tempor  turpis nec euismod scelerisque  quam turpis adipiscing lorem  vitae mattis nibh ligula nec sem. Duis aliquam convallis nunc. Proin at turpis a pede posuere nonummy. Integer non velit. Donec diam neque  vestibulum eget  vulputate ut  ultrices vel  augue. Vestibulum ante ipsum primis in faucibus orci luctus et ultrices posuere cubilia Curae; Donec pharetra  magna vestibulum aliquet ultrices  erat tortor sollicitudin mi  sit amet lobortis sapien sapien non mi. Integer ac neque.,10/16/2020
83,mclyburn2a,Duis mattis egestas metus. Aenean fermentum. Donec ut mauris eget massa tempor convallis. Nulla neque libero  convallis eget  eleifend luctus  ultricies eu  nibh. Quisque id justo sit amet sapien dignissim vestibulum. Vestibulum ante ipsum primis in faucibus orci luctus et ultrices posuere cubilia Curae; Nulla dapibus dolor vel est.,6/3/2020
84,yturford2b,Phasellus in felis.,12/26/2020
85,myurtsev2c,Integer ac leo. Pellentesque ultrices mattis odio. Donec vitae nisi. Nam ultrices  libero non mattis pulvinar  nulla pede ullamcorper augue  a suscipit nulla elit ac nulla. Sed vel enim sit amet nunc viverra dapibus. Nulla suscipit ligula in lacus. Curabitur at ipsum ac tellus semper interdum.,11/2/2020
86,ycarus2d,Duis at velit eu est congue elementum. In hac habitasse platea dictumst. Morbi vestibulum  velit id pretium iaculis  diam erat fermentum justo  nec condimentum neque sapien placerat ante.,1/5/2021
87,kmcmichan2e,Nullam varius. Nulla facilisi. Cras non velit nec nisi vulputate nonummy. Maecenas tincidunt lacus at velit. Vivamus vel nulla eget eros elementum pellentesque.,1/11/2021
88,hchappelow2f,Morbi ut odio. Cras mi pede  malesuada in  imperdiet et  commodo vulputate  justo. In blandit ultrices enim. Lorem ipsum dolor sit amet  consectetuer adipiscing elit. Proin interdum mauris non ligula pellentesque ultrices. Phasellus id sapien in sapien iaculis congue. Vivamus metus arcu  adipiscing molestie  hendrerit at  vulputate vitae  nisl. Aenean lectus.,6/17/2020
89,cmaharg2g,Aliquam erat volutpat. In congue.,5/10/2020
90,erosiello2h,Proin eu mi.,5/29/2020
91,msenecaux2i,In blandit ultrices enim. Lorem ipsum dolor sit amet  consectetuer adipiscing elit. Proin interdum mauris non ligula pellentesque ultrices.,2/11/2020
92,ainglish2j,Nam congue  risus semper porta volutpat  quam pede lobortis ligula  sit amet eleifend pede libero quis orci. Nullam molestie nibh in lectus. Pellentesque at nulla. Suspendisse potenti.,6/27/2020
93,garling2k,Aliquam quis turpis eget elit sodales scelerisque. Mauris sit amet eros. Suspendisse accumsan tortor quis turpis. Sed ante.,12/29/2020
94,gricoald2l,Vivamus vestibulum sagittis sapien. Cum sociis natoque penatibus et magnis dis parturient montes  nascetur ridiculus mus. Etiam vel augue. Vestibulum rutrum rutrum neque. Aenean auctor gravida sem. Praesent id massa id nisl venenatis lacinia. Aenean sit amet justo. Morbi ut odio. Cras mi pede  malesuada in  imperdiet et  commodo vulputate  justo. In blandit ultrices enim.,4/28/2020
95,lcavozzi2m,Duis bibendum  felis sed interdum venenatis  turpis enim blandit mi  in porttitor pede justo eu massa. Donec dapibus. Duis at velit eu est congue elementum. In hac habitasse platea dictumst. Morbi vestibulum  velit id pretium iaculis  diam erat fermentum justo  nec condimentum neque sapien placerat ante. Nulla justo. Aliquam quis turpis eget elit sodales scelerisque. Mauris sit amet eros.,11/25/2020
96,lenion2n,Quisque arcu libero  rutrum ac  lobortis vel  dapibus at  diam. Nam tristique tortor eu pede.,5/9/2020
97,hstanway2o,Sed ante. Vivamus tortor. Duis mattis egestas metus. Aenean fermentum.,11/27/2020
98,hthomke2p,Donec odio justo  sollicitudin ut  suscipit a  feugiat et  eros.,10/21/2020
99,tbrocket2q,In hac habitasse platea dictumst. Etiam faucibus cursus urna.,4/12/2020
100,afont2r,Nulla justo. Aliquam quis turpis eget elit sodales scelerisque. Mauris sit amet eros. Suspendisse accumsan tortor quis turpis.,9/6/2020
101,bstanyard2s,Integer pede justo  lacinia eget  tincidunt eget  tempus vel  pede. Morbi porttitor lorem id ligula. Suspendisse ornare consequat lectus.,3/9/2020
102,gleguey2t,In hac habitasse platea dictumst.,11/10/2020
103,dgeertje2u,Aliquam non mauris.,5/25/2020
104,sbeetles2v,Etiam vel augue. Vestibulum rutrum rutrum neque. Aenean auctor gravida sem.,7/6/2020
105,faddenbrooke2w,Morbi ut odio. Cras mi pede  malesuada in  imperdiet et  commodo vulputate  justo. In blandit ultrices enim.,2/1/2020
106,aclipsham2x,Vestibulum ante ipsum primis in faucibus orci luctus et ultrices posuere cubilia Curae; Nulla dapibus dolor vel est.,8/19/2020
107,rsuston2y,Suspendisse potenti. In eleifend quam a odio. In hac habitasse platea dictumst. Maecenas ut massa quis augue luctus tincidunt. Nulla mollis molestie lorem. Quisque ut erat. Curabitur gravida nisi at nibh. In hac habitasse platea dictumst. Aliquam augue quam  sollicitudin vitae  consectetuer eget  rutrum at  lorem.,7/21/2020
108,vholcroft2z,Duis consequat dui nec nisi volutpat eleifend. Donec ut dolor. Morbi vel lectus in quam fringilla rhoncus. Mauris enim leo  rhoncus sed  vestibulum sit amet  cursus id  turpis. Integer aliquet  massa id lobortis convallis  tortor risus dapibus augue  vel accumsan tellus nisi eu orci. Mauris lacinia sapien quis libero. Nullam sit amet turpis elementum ligula vehicula consequat.,4/1/2020
109,imouan30,Morbi non quam nec dui luctus rutrum. Nulla tellus. In sagittis dui vel nisl. Duis ac nibh. Fusce lacus purus  aliquet at  feugiat non  pretium quis  lectus. Suspendisse potenti. In eleifend quam a odio. In hac habitasse platea dictumst. Maecenas ut massa quis augue luctus tincidunt. Nulla mollis molestie lorem.,5/6/2020
110,jbaddow31,Cras mi pede  malesuada in  imperdiet et  commodo vulputate  justo. In blandit ultrices enim. Lorem ipsum dolor sit amet  consectetuer adipiscing elit. Proin interdum mauris non ligula pellentesque ultrices. Phasellus id sapien in sapien iaculis congue. Vivamus metus arcu  adipiscing molestie  hendrerit at  vulputate vitae  nisl. Aenean lectus.,11/30/2020
111,kaddicott32,Maecenas rhoncus aliquam lacus. Morbi quis tortor id nulla ultrices aliquet. Maecenas leo odio  condimentum id  luctus nec  molestie sed  justo. Pellentesque viverra pede ac diam.,4/24/2020
112,krosendale33,Nullam orci pede  venenatis non  sodales sed  tincidunt eu  felis. Fusce posuere felis sed lacus. Morbi sem mauris  laoreet ut  rhoncus aliquet  pulvinar sed  nisl. Nunc rhoncus dui vel sem. Sed sagittis. Nam congue  risus semper porta volutpat  quam pede lobortis ligula  sit amet eleifend pede libero quis orci.,1/10/2021
113,coxford34,Donec ut mauris eget massa tempor convallis.,8/16/2020
114,wfraczek35,In hac habitasse platea dictumst. Morbi vestibulum  velit id pretium iaculis  diam erat fermentum justo  nec condimentum neque sapien placerat ante. Nulla justo.,6/23/2020
115,mdonizeau36,Fusce congue  diam id ornare imperdiet  sapien urna pretium nisl  ut volutpat sapien arcu sed augue. Aliquam erat volutpat. In congue. Etiam justo. Etiam pretium iaculis justo. In hac habitasse platea dictumst. Etiam faucibus cursus urna. Ut tellus. Nulla ut erat id mauris vulputate elementum.,2/14/2020
116,jtather37,Nullam sit amet turpis elementum ligula vehicula consequat.,3/1/2020
117,aspillard38,Fusce posuere felis sed lacus. Morbi sem mauris  laoreet ut  rhoncus aliquet  pulvinar sed  nisl. Nunc rhoncus dui vel sem. Sed sagittis. Nam congue  risus semper porta volutpat  quam pede lobortis ligula  sit amet eleifend pede libero quis orci. Nullam molestie nibh in lectus. Pellentesque at nulla. Suspendisse potenti.,7/26/2020
118,cbagg39,Nunc purus. Phasellus in felis. Donec semper sapien a libero.,3/20/2020
119,bpashler3a,Quisque id justo sit amet sapien dignissim vestibulum. Vestibulum ante ipsum primis in faucibus orci luctus et ultrices posuere cubilia Curae; Nulla dapibus dolor vel est. Donec odio justo  sollicitudin ut  suscipit a  feugiat et  eros. Vestibulum ac est lacinia nisi venenatis tristique. Fusce congue  diam id ornare imperdiet  sapien urna pretium nisl  ut volutpat sapien arcu sed augue. Aliquam erat volutpat. In congue. Etiam justo. Etiam pretium iaculis justo.,11/7/2020
120,sstaning3b,Vestibulum ac est lacinia nisi venenatis tristique. Fusce congue  diam id ornare imperdiet  sapien urna pretium nisl  ut volutpat sapien arcu sed augue. Aliquam erat volutpat. In congue. Etiam justo. Etiam pretium iaculis justo. In hac habitasse platea dictumst. Etiam faucibus cursus urna.,12/17/2020
121,cgoode3c,Nulla justo. Aliquam quis turpis eget elit sodales scelerisque. Mauris sit amet eros. Suspendisse accumsan tortor quis turpis. Sed ante.,6/27/2020
122,gkassidy3d,In quis justo. Maecenas rhoncus aliquam lacus. Morbi quis tortor id nulla ultrices aliquet.,4/21/2020
123,chanwell3e,Vestibulum ante ipsum primis in faucibus orci luctus et ultrices posuere cubilia Curae; Nulla dapibus dolor vel est. Donec odio justo  sollicitudin ut  suscipit a  feugiat et  eros. Vestibulum ac est lacinia nisi venenatis tristique. Fusce congue  diam id ornare imperdiet  sapien urna pretium nisl  ut volutpat sapien arcu sed augue. Aliquam erat volutpat. In congue. Etiam justo. Etiam pretium iaculis justo.,1/25/2021
124,csiemens3f,Vivamus in felis eu sapien cursus vestibulum. Proin eu mi. Nulla ac enim. In tempor  turpis nec euismod scelerisque  quam turpis adipiscing lorem  vitae mattis nibh ligula nec sem. Duis aliquam convallis nunc. Proin at turpis a pede posuere nonummy. Integer non velit. Donec diam neque  vestibulum eget  vulputate ut  ultrices vel  augue. Vestibulum ante ipsum primis in faucibus orci luctus et ultrices posuere cubilia Curae; Donec pharetra  magna vestibulum aliquet ultrices  erat tortor sollicitudin mi  sit amet lobortis sapien sapien non mi. Integer ac neque.,3/29/2020
125,tbinion3g,Aliquam augue quam  sollicitudin vitae  consectetuer eget  rutrum at  lorem. Integer tincidunt ante vel ipsum.,5/25/2020
126,ebrickner3h,Suspendisse potenti. Nullam porttitor lacus at turpis. Donec posuere metus vitae ipsum. Aliquam non mauris. Morbi non lectus. Aliquam sit amet diam in magna bibendum imperdiet.,1/21/2021
127,flevane3i,Praesent id massa id nisl venenatis lacinia. Aenean sit amet justo. Morbi ut odio. Cras mi pede  malesuada in  imperdiet et  commodo vulputate  justo. In blandit ultrices enim. Lorem ipsum dolor sit amet  consectetuer adipiscing elit. Proin interdum mauris non ligula pellentesque ultrices. Phasellus id sapien in sapien iaculis congue. Vivamus metus arcu  adipiscing molestie  hendrerit at  vulputate vitae  nisl.,12/9/2020
128,vpanter3j,Quisque ut erat. Curabitur gravida nisi at nibh. In hac habitasse platea dictumst. Aliquam augue quam  sollicitudin vitae  consectetuer eget  rutrum at  lorem. Integer tincidunt ante vel ipsum.,7/10/2020
129,tduddan3k,Nulla ac enim. In tempor  turpis nec euismod scelerisque  quam turpis adipiscing lorem  vitae mattis nibh ligula nec sem. Duis aliquam convallis nunc. Proin at turpis a pede posuere nonummy. Integer non velit. Donec diam neque  vestibulum eget  vulputate ut  ultrices vel  augue. Vestibulum ante ipsum primis in faucibus orci luctus et ultrices posuere cubilia Curae; Donec pharetra  magna vestibulum aliquet ultrices  erat tortor sollicitudin mi  sit amet lobortis sapien sapien non mi. Integer ac neque. Duis bibendum. Morbi non quam nec dui luctus rutrum.,4/28/2020
130,lpook3l,Vestibulum sed magna at nunc commodo placerat. Praesent blandit. Nam nulla.,11/21/2020
131,tvondrach3m,Donec quis orci eget orci vehicula condimentum. Curabitur in libero ut massa volutpat convallis. Morbi odio odio  elementum eu  interdum eu  tincidunt in  leo. Maecenas pulvinar lobortis est. Phasellus sit amet erat. Nulla tempus. Vivamus in felis eu sapien cursus vestibulum.,4/21/2020
132,fjosipovic3n,Donec vitae nisi. Nam ultrices  libero non mattis pulvinar  nulla pede ullamcorper augue  a suscipit nulla elit ac nulla. Sed vel enim sit amet nunc viverra dapibus.,3/31/2020
133,ccrocumbe3o,Sed accumsan felis. Ut at dolor quis odio consequat varius. Integer ac leo.,6/18/2020
134,chapper3p,Morbi non lectus. Aliquam sit amet diam in magna bibendum imperdiet. Nullam orci pede  venenatis non  sodales sed  tincidunt eu  felis. Fusce posuere felis sed lacus. Morbi sem mauris  laoreet ut  rhoncus aliquet  pulvinar sed  nisl. Nunc rhoncus dui vel sem.,7/20/2020
135,pcordeux3q,Etiam justo. Etiam pretium iaculis justo. In hac habitasse platea dictumst. Etiam faucibus cursus urna.,2/2/2020
136,pblinerman3r,Ut tellus. Nulla ut erat id mauris vulputate elementum. Nullam varius. Nulla facilisi. Cras non velit nec nisi vulputate nonummy. Maecenas tincidunt lacus at velit. Vivamus vel nulla eget eros elementum pellentesque.,11/4/2020
137,grousby3s,Nulla justo. Aliquam quis turpis eget elit sodales scelerisque. Mauris sit amet eros. Suspendisse accumsan tortor quis turpis. Sed ante. Vivamus tortor. Duis mattis egestas metus. Aenean fermentum. Donec ut mauris eget massa tempor convallis. Nulla neque libero  convallis eget  eleifend luctus  ultricies eu  nibh.,4/27/2020
138,sjosham3t,Suspendisse potenti. Cras in purus eu magna vulputate luctus. Cum sociis natoque penatibus et magnis dis parturient montes  nascetur ridiculus mus.,4/14/2020
139,emounter3u,Etiam justo. Etiam pretium iaculis justo. In hac habitasse platea dictumst. Etiam faucibus cursus urna. Ut tellus. Nulla ut erat id mauris vulputate elementum. Nullam varius. Nulla facilisi.,8/11/2020
140,kmossdale3v,Morbi sem mauris  laoreet ut  rhoncus aliquet  pulvinar sed  nisl. Nunc rhoncus dui vel sem. Sed sagittis. Nam congue  risus semper porta volutpat  quam pede lobortis ligula  sit amet eleifend pede libero quis orci. Nullam molestie nibh in lectus.,3/28/2020
141,alickess3w,Vestibulum ante ipsum primis in faucibus orci luctus et ultrices posuere cubilia Curae; Nulla dapibus dolor vel est. Donec odio justo  sollicitudin ut  suscipit a  feugiat et  eros. Vestibulum ac est lacinia nisi venenatis tristique. Fusce congue  diam id ornare imperdiet  sapien urna pretium nisl  ut volutpat sapien arcu sed augue. Aliquam erat volutpat. In congue.,9/4/2020
142,hclemmow3x,Phasellus in felis. Donec semper sapien a libero. Nam dui. Proin leo odio  porttitor id  consequat in  consequat ut  nulla. Sed accumsan felis. Ut at dolor quis odio consequat varius. Integer ac leo.,10/23/2020
143,ajillins3y,In congue. Etiam justo. Etiam pretium iaculis justo. In hac habitasse platea dictumst. Etiam faucibus cursus urna.,8/8/2020
144,eburstow3z,Duis at velit eu est congue elementum. In hac habitasse platea dictumst. Morbi vestibulum  velit id pretium iaculis  diam erat fermentum justo  nec condimentum neque sapien placerat ante.,3/28/2020
145,efeltham40,Sed vel enim sit amet nunc viverra dapibus. Nulla suscipit ligula in lacus. Curabitur at ipsum ac tellus semper interdum. Mauris ullamcorper purus sit amet nulla. Quisque arcu libero  rutrum ac  lobortis vel  dapibus at  diam.,6/30/2020
146,raprahamian41,Etiam vel augue. Vestibulum rutrum rutrum neque. Aenean auctor gravida sem. Praesent id massa id nisl venenatis lacinia. Aenean sit amet justo. Morbi ut odio. Cras mi pede  malesuada in  imperdiet et  commodo vulputate  justo. In blandit ultrices enim. Lorem ipsum dolor sit amet  consectetuer adipiscing elit. Proin interdum mauris non ligula pellentesque ultrices.,1/7/2021
147,tmcaulay42,Vivamus metus arcu  adipiscing molestie  hendrerit at  vulputate vitae  nisl. Aenean lectus.,6/21/2020
148,ddinehart43,Nulla justo. Aliquam quis turpis eget elit sodales scelerisque. Mauris sit amet eros. Suspendisse accumsan tortor quis turpis.,8/9/2020
149,pmiltonwhite44,Nunc nisl. Duis bibendum  felis sed interdum venenatis  turpis enim blandit mi  in porttitor pede justo eu massa. Donec dapibus. Duis at velit eu est congue elementum. In hac habitasse platea dictumst. Morbi vestibulum  velit id pretium iaculis  diam erat fermentum justo  nec condimentum neque sapien placerat ante. Nulla justo. Aliquam quis turpis eget elit sodales scelerisque. Mauris sit amet eros.,12/3/2020
150,ghambric45,Praesent blandit lacinia erat. Vestibulum sed magna at nunc commodo placerat. Praesent blandit. Nam nulla. Integer pede justo  lacinia eget  tincidunt eget  tempus vel  pede. Morbi porttitor lorem id ligula. Suspendisse ornare consequat lectus. In est risus  auctor sed  tristique in  tempus sit amet  sem.,4/24/2020
151,cmacgiany46,Mauris enim leo  rhoncus sed  vestibulum sit amet  cursus id  turpis. Integer aliquet  massa id lobortis convallis  tortor risus dapibus augue  vel accumsan tellus nisi eu orci. Mauris lacinia sapien quis libero. Nullam sit amet turpis elementum ligula vehicula consequat. Morbi a ipsum. Integer a nibh.,12/4/2020
152,znolton47,Vivamus vestibulum sagittis sapien. Cum sociis natoque penatibus et magnis dis parturient montes  nascetur ridiculus mus. Etiam vel augue. Vestibulum rutrum rutrum neque. Aenean auctor gravida sem. Praesent id massa id nisl venenatis lacinia. Aenean sit amet justo. Morbi ut odio.,9/5/2020
153,edelieu48,Maecenas tincidunt lacus at velit. Vivamus vel nulla eget eros elementum pellentesque. Quisque porta volutpat erat. Quisque erat eros  viverra eget  congue eget  semper rutrum  nulla. Nunc purus. Phasellus in felis. Donec semper sapien a libero. Nam dui. Proin leo odio  porttitor id  consequat in  consequat ut  nulla.,6/9/2020
154,aorrill49,Maecenas tincidunt lacus at velit. Vivamus vel nulla eget eros elementum pellentesque. Quisque porta volutpat erat. Quisque erat eros  viverra eget  congue eget  semper rutrum  nulla. Nunc purus. Phasellus in felis.,4/28/2020
155,sbucknill4a,Pellentesque at nulla. Suspendisse potenti. Cras in purus eu magna vulputate luctus. Cum sociis natoque penatibus et magnis dis parturient montes  nascetur ridiculus mus. Vivamus vestibulum sagittis sapien. Cum sociis natoque penatibus et magnis dis parturient montes  nascetur ridiculus mus. Etiam vel augue. Vestibulum rutrum rutrum neque.,5/27/2020
156,lvittel4b,Vivamus tortor. Duis mattis egestas metus. Aenean fermentum. Donec ut mauris eget massa tempor convallis.,11/28/2020
157,landrews4c,Quisque id justo sit amet sapien dignissim vestibulum. Vestibulum ante ipsum primis in faucibus orci luctus et ultrices posuere cubilia Curae; Nulla dapibus dolor vel est. Donec odio justo  sollicitudin ut  suscipit a  feugiat et  eros. Vestibulum ac est lacinia nisi venenatis tristique.,5/21/2020
158,moakeshott4d,Nulla ut erat id mauris vulputate elementum.,6/12/2020
159,dbeautyman4e,Nam nulla. Integer pede justo  lacinia eget  tincidunt eget  tempus vel  pede. Morbi porttitor lorem id ligula. Suspendisse ornare consequat lectus. In est risus  auctor sed  tristique in  tempus sit amet  sem. Fusce consequat. Nulla nisl.,8/11/2020
160,oblachford4f,Cum sociis natoque penatibus et magnis dis parturient montes  nascetur ridiculus mus. Etiam vel augue.,11/25/2020
161,fmacane4g,Morbi ut odio. Cras mi pede  malesuada in  imperdiet et  commodo vulputate  justo. In blandit ultrices enim. Lorem ipsum dolor sit amet  consectetuer adipiscing elit. Proin interdum mauris non ligula pellentesque ultrices.,4/21/2020
162,rdelf4h,Quisque erat eros  viverra eget  congue eget  semper rutrum  nulla. Nunc purus. Phasellus in felis. Donec semper sapien a libero. Nam dui. Proin leo odio  porttitor id  consequat in  consequat ut  nulla. Sed accumsan felis.,11/4/2020
163,dbagniuk4i,Donec dapibus. Duis at velit eu est congue elementum. In hac habitasse platea dictumst. Morbi vestibulum  velit id pretium iaculis  diam erat fermentum justo  nec condimentum neque sapien placerat ante.,9/21/2020
164,gbattye4j,Quisque ut erat. Curabitur gravida nisi at nibh. In hac habitasse platea dictumst. Aliquam augue quam  sollicitudin vitae  consectetuer eget  rutrum at  lorem. Integer tincidunt ante vel ipsum. Praesent blandit lacinia erat. Vestibulum sed magna at nunc commodo placerat.,5/18/2020
165,byvens4k,Integer ac leo. Pellentesque ultrices mattis odio. Donec vitae nisi. Nam ultrices  libero non mattis pulvinar  nulla pede ullamcorper augue  a suscipit nulla elit ac nulla.,6/16/2020
166,zabramson4l,Vivamus in felis eu sapien cursus vestibulum.,2/18/2020
167,cblacksland4m,Duis bibendum  felis sed interdum venenatis  turpis enim blandit mi  in porttitor pede justo eu massa.,4/18/2020
168,jduchant4n,Morbi quis tortor id nulla ultrices aliquet. Maecenas leo odio  condimentum id  luctus nec  molestie sed  justo. Pellentesque viverra pede ac diam. Cras pellentesque volutpat dui. Maecenas tristique  est et tempus semper  est quam pharetra magna  ac consequat metus sapien ut nunc. Vestibulum ante ipsum primis in faucibus orci luctus et ultrices posuere cubilia Curae; Mauris viverra diam vitae quam. Suspendisse potenti.,8/24/2020
169,lcheltnam4o,Cum sociis natoque penatibus et magnis dis parturient montes  nascetur ridiculus mus. Vivamus vestibulum sagittis sapien. Cum sociis natoque penatibus et magnis dis parturient montes  nascetur ridiculus mus. Etiam vel augue. Vestibulum rutrum rutrum neque. Aenean auctor gravida sem. Praesent id massa id nisl venenatis lacinia. Aenean sit amet justo. Morbi ut odio. Cras mi pede  malesuada in  imperdiet et  commodo vulputate  justo.,7/17/2020
170,rparmenter4p,In quis justo. Maecenas rhoncus aliquam lacus. Morbi quis tortor id nulla ultrices aliquet. Maecenas leo odio  condimentum id  luctus nec  molestie sed  justo.,6/12/2020
171,swickliffe4q,Duis consequat dui nec nisi volutpat eleifend. Donec ut dolor. Morbi vel lectus in quam fringilla rhoncus. Mauris enim leo  rhoncus sed  vestibulum sit amet  cursus id  turpis. Integer aliquet  massa id lobortis convallis  tortor risus dapibus augue  vel accumsan tellus nisi eu orci.,10/1/2020
172,gtoop4r,Cras pellentesque volutpat dui. Maecenas tristique  est et tempus semper  est quam pharetra magna  ac consequat metus sapien ut nunc.,8/15/2020
173,lpostlethwaite4s,Vivamus in felis eu sapien cursus vestibulum. Proin eu mi. Nulla ac enim. In tempor  turpis nec euismod scelerisque  quam turpis adipiscing lorem  vitae mattis nibh ligula nec sem. Duis aliquam convallis nunc. Proin at turpis a pede posuere nonummy. Integer non velit. Donec diam neque  vestibulum eget  vulputate ut  ultrices vel  augue. Vestibulum ante ipsum primis in faucibus orci luctus et ultrices posuere cubilia Curae; Donec pharetra  magna vestibulum aliquet ultrices  erat tortor sollicitudin mi  sit amet lobortis sapien sapien non mi.,4/8/2020
174,athrower4t,Vestibulum ante ipsum primis in faucibus orci luctus et ultrices posuere cubilia Curae; Donec pharetra  magna vestibulum aliquet ultrices  erat tortor sollicitudin mi  sit amet lobortis sapien sapien non mi. Integer ac neque. Duis bibendum. Morbi non quam nec dui luctus rutrum.,8/2/2020
175,smcphillips4u,Curabitur convallis. Duis consequat dui nec nisi volutpat eleifend. Donec ut dolor. Morbi vel lectus in quam fringilla rhoncus. Mauris enim leo  rhoncus sed  vestibulum sit amet  cursus id  turpis. Integer aliquet  massa id lobortis convallis  tortor risus dapibus augue  vel accumsan tellus nisi eu orci. Mauris lacinia sapien quis libero. Nullam sit amet turpis elementum ligula vehicula consequat. Morbi a ipsum. Integer a nibh.,4/21/2020
176,bnana4v,Maecenas ut massa quis augue luctus tincidunt. Nulla mollis molestie lorem.,6/25/2020
177,mklimecki4w,Donec ut mauris eget massa tempor convallis.,12/3/2020
178,gtownrow4x,Cras in purus eu magna vulputate luctus.,11/17/2020
179,idiggens4y,Nulla neque libero  convallis eget  eleifend luctus  ultricies eu  nibh. Quisque id justo sit amet sapien dignissim vestibulum. Vestibulum ante ipsum primis in faucibus orci luctus et ultrices posuere cubilia Curae; Nulla dapibus dolor vel est. Donec odio justo  sollicitudin ut  suscipit a  feugiat et  eros. Vestibulum ac est lacinia nisi venenatis tristique. Fusce congue  diam id ornare imperdiet  sapien urna pretium nisl  ut volutpat sapien arcu sed augue.,6/2/2020
180,ktwell4z,Aliquam erat volutpat. In congue.,4/29/2020
181,jwharin50,Vestibulum ante ipsum primis in faucibus orci luctus et ultrices posuere cubilia Curae; Donec pharetra  magna vestibulum aliquet ultrices  erat tortor sollicitudin mi  sit amet lobortis sapien sapien non mi.,3/2/2020
182,ctheseira51,Vestibulum ante ipsum primis in faucibus orci luctus et ultrices posuere cubilia Curae; Duis faucibus accumsan odio. Curabitur convallis. Duis consequat dui nec nisi volutpat eleifend. Donec ut dolor. Morbi vel lectus in quam fringilla rhoncus. Mauris enim leo  rhoncus sed  vestibulum sit amet  cursus id  turpis.,3/4/2020
183,morme52,In tempor  turpis nec euismod scelerisque  quam turpis adipiscing lorem  vitae mattis nibh ligula nec sem. Duis aliquam convallis nunc. Proin at turpis a pede posuere nonummy. Integer non velit. Donec diam neque  vestibulum eget  vulputate ut  ultrices vel  augue.,5/17/2020
184,mraatz53,Praesent blandit lacinia erat.,2/4/2020
185,rbritch54,Aenean lectus. Pellentesque eget nunc. Donec quis orci eget orci vehicula condimentum. Curabitur in libero ut massa volutpat convallis. Morbi odio odio  elementum eu  interdum eu  tincidunt in  leo. Maecenas pulvinar lobortis est. Phasellus sit amet erat. Nulla tempus. Vivamus in felis eu sapien cursus vestibulum.,10/13/2020
186,astidworthy55,Donec diam neque  vestibulum eget  vulputate ut  ultrices vel  augue. Vestibulum ante ipsum primis in faucibus orci luctus et ultrices posuere cubilia Curae; Donec pharetra  magna vestibulum aliquet ultrices  erat tortor sollicitudin mi  sit amet lobortis sapien sapien non mi.,2/26/2020
187,kgrindlay56,Sed ante. Vivamus tortor. Duis mattis egestas metus. Aenean fermentum. Donec ut mauris eget massa tempor convallis. Nulla neque libero  convallis eget  eleifend luctus  ultricies eu  nibh. Quisque id justo sit amet sapien dignissim vestibulum. Vestibulum ante ipsum primis in faucibus orci luctus et ultrices posuere cubilia Curae; Nulla dapibus dolor vel est.,7/24/2020
188,fflancinbaum57,Morbi odio odio  elementum eu  interdum eu  tincidunt in  leo. Maecenas pulvinar lobortis est.,8/2/2020
189,claycock58,Vivamus in felis eu sapien cursus vestibulum.,6/23/2020
190,baitchison59,In hac habitasse platea dictumst. Maecenas ut massa quis augue luctus tincidunt. Nulla mollis molestie lorem. Quisque ut erat. Curabitur gravida nisi at nibh.,2/26/2020
191,rmil5a,Cras non velit nec nisi vulputate nonummy. Maecenas tincidunt lacus at velit. Vivamus vel nulla eget eros elementum pellentesque. Quisque porta volutpat erat. Quisque erat eros  viverra eget  congue eget  semper rutrum  nulla. Nunc purus. Phasellus in felis. Donec semper sapien a libero.,11/22/2020
192,jlain5b,Suspendisse ornare consequat lectus. In est risus  auctor sed  tristique in  tempus sit amet  sem. Fusce consequat.,3/28/2020
193,npragnell5c,Vivamus in felis eu sapien cursus vestibulum.,4/12/2020
194,gtilzey5d,Nulla tempus. Vivamus in felis eu sapien cursus vestibulum. Proin eu mi. Nulla ac enim. In tempor  turpis nec euismod scelerisque  quam turpis adipiscing lorem  vitae mattis nibh ligula nec sem. Duis aliquam convallis nunc. Proin at turpis a pede posuere nonummy. Integer non velit.,5/22/2020
195,lguierre5e,Cum sociis natoque penatibus et magnis dis parturient montes  nascetur ridiculus mus. Vivamus vestibulum sagittis sapien. Cum sociis natoque penatibus et magnis dis parturient montes  nascetur ridiculus mus. Etiam vel augue. Vestibulum rutrum rutrum neque. Aenean auctor gravida sem. Praesent id massa id nisl venenatis lacinia.,12/26/2020
196,vvitall5f,Morbi ut odio. Cras mi pede  malesuada in  imperdiet et  commodo vulputate  justo. In blandit ultrices enim.,5/10/2020
197,jrobbeke5g,Integer aliquet  massa id lobortis convallis  tortor risus dapibus augue  vel accumsan tellus nisi eu orci. Mauris lacinia sapien quis libero. Nullam sit amet turpis elementum ligula vehicula consequat. Morbi a ipsum. Integer a nibh.,3/15/2020
198,gkleinhandler5h,Phasellus sit amet erat. Nulla tempus. Vivamus in felis eu sapien cursus vestibulum.,8/2/2020
199,jrospars5i,Praesent lectus. Vestibulum quam sapien  varius ut  blandit non  interdum in  ante. Vestibulum ante ipsum primis in faucibus orci luctus et ultrices posuere cubilia Curae; Duis faucibus accumsan odio. Curabitur convallis. Duis consequat dui nec nisi volutpat eleifend. Donec ut dolor. Morbi vel lectus in quam fringilla rhoncus. Mauris enim leo  rhoncus sed  vestibulum sit amet  cursus id  turpis.,10/10/2020
200,kswinn5j,Nulla justo. Aliquam quis turpis eget elit sodales scelerisque. Mauris sit amet eros. Suspendisse accumsan tortor quis turpis. Sed ante. Vivamus tortor. Duis mattis egestas metus. Aenean fermentum. Donec ut mauris eget massa tempor convallis. Nulla neque libero  convallis eget  eleifend luctus  ultricies eu  nibh.,1/31/2021
